timestamp,question,answer,sources
2026-05-10 20:25,my croissant dough would be rolled to 4MM at final sheeting what would be the cause,"The ideal thickness for croissant dough at final sheeting is generally about 3 to 3.5 mm (about 1/8 inch), according to the guidelines. If your dough is being rolled out to 4 mm thickness, which is thicker than the standard, possible causes include:

1. **Insufficient Rolling or Sheeting**: Not rolling the dough down enough during the final sheeting process. The dough should be gradually and evenly sheeted to the target thickness, and care should be taken not to be too conservative with thickness.

2. **Dough Shrinkage During Resting**: The dough must be adequately rested between folds and before final sheeting. Inadequate resting might cause the dough to resist being rolled thinner, or it could shrink back. Proper resting allows the dough to relax and stretch, making it easier to roll out thinner.

3. **Tool and Technique Issues**: Using a sheeter or rolling pin incorrectly might prevent achieving the desired thinness. Ensuring the correct setting on the dough sheeter and rotating the dough 90 degrees for even sheeting helps achieve uniform thin layers.

4. **Dough Temperature and Plasticity**: If the dough or the fat within it is too cold or too firm, the dough might be harder to roll thin without cracking or resisting. Conversely, if it is too warm, the fat could soften and cause the dough to become sticky, which can make thin sheeting difficult.

5. **Formula and Lamination Process**: The quantity of fat and the number of folds can affect stretchability. If the fat quantity or texture is off, or if the proper folds are not completed, the dough layers may not sheet out evenly or thinly.

In summary, rolling croissant dough to 4 mm final thickness instead of the typical 3 to 3.5 mm might be caused by insufficient sheeting pressure or passes, inadequate dough resting causing resistance or shrinkage, or inappropriate dough or fat temperature affecting pliability.

Sources used:  
- Source 1: advanced-bread-and-pastry_Part4.pdf, final thickness guideline and makeup steps  
- Source 2 and 4: advanced-bread-and-pastry_Part4.pdf, sheeting techniques and resting impact  
- Source 3: advanced-bread-and-pastry_Part4.pdf, importance of fat quantity and temperature on dough pliability","Source 1: advanced-bread-and-pastry_Part4.pdf | Page N/A | Chunk N/A | Extraction: unknown
Source 2: advanced-bread-and-pastry_Part4.pdf | Page N/A | Chunk N/A | Extraction: unknown
Source 3: advanced-bread-and-pastry_Part4.pdf | Page N/A | Chunk N/A | Extraction: unknown
Source 4: advanced-bread-and-pastry_Part4.pdf | Page N/A | Chunk N/A | Extraction: unknown
Source 5: advanced-bread-and-pastry_Part4.pdf | Page N/A | Chunk N/A | Extraction: unknown"
2026-05-10 22:43,can butter used for croissant lamination be infused with flavors without effecting the lamination integrity ,"Based on the provided context, there is no direct information about infusing butter used for croissant lamination with flavors and its impact on lamination integrity. However, some relevant points can be considered:

- Butter for lamination (beurrage) must be at the right temperature and consistency, being firm but pliable (plasticity), to create even, thin layers during lamination without oozing or absorption into the dough.
- Any alteration to the butter that affects its temperature, moisture, or plasticity could negatively impact lamination. For example, adding water or softening butter too much compromises layer separation.
- To maintain lamination integrity, the butter must be extensible and have proper plasticity.
- Some bakers mix flour into the butter to adjust water content and plasticity, showing that minor modifications are possible if they do not overly affect butter texture and temperature.
- The use of cultured or dry butter (lower water content) is preferred for better lamination and flavor.

From these insights, flavor infusion into butter could be feasible only if the process does not alter the butter’s plasticity, moisture content, or temperature profile. For instance, lightly flavoring with fat-soluble extracts or finely mixed flavor components that do not soften the butter or increase water content might work. However, stronger infusion methods that change butter consistency or moisture would likely compromise lamination quality.

In summary, butter can potentially be infused with flavors for croissant lamination only if the infusion method preserves the key characteristics of the butter necessary for successful lamination—specifically its firmness, pliability, and low moisture content.

**Sources used**  
1. advanced-bread-and-pastry_Part4.pdf | Chapter 9 Viennoiserie, Pages 311 | Chunks on butter preparation, properties, and lamination process | Context analysis","Source 1: advanced-bread-and-pastry_Part4.pdf | Page N/A | Chunk N/A | Extraction: unknown
Source 2: advanced-bread-and-pastry_Part4.pdf | Page N/A | Chunk N/A | Extraction: unknown
Source 3: advanced-bread-and-pastry_Part4.pdf | Page N/A | Chunk N/A | Extraction: unknown
Source 4: advanced-bread-and-pastry_Part4.pdf | Page N/A | Chunk N/A | Extraction: unknown
Source 5: advanced-bread-and-pastry_Part4.pdf | Page N/A | Chunk N/A | Extraction: unknown"
2026-05-10 22:46,examples of fat soluble extract,"Fat-soluble extracts are flavor compounds or essences that dissolve or infuse in fats and oils rather than water. Examples of fat-soluble extracts include:

- Vanilla extract (often alcohol-based but can be infused fat-solubly)
- Citrus oils (such as lemon or orange essential oils)
- Nut oils (like almond essence extracted in oil)
- Herb and spice essential oils (such as rosemary, lavender, or peppermint essential oil)
- Cocoa butter infused with flavors
- Butter or cream infused with garlic or shallot essential oils

These extracts dissolve in fats and can be incorporated into butter or other fats without altering the fat's chemical qualities significantly, making them suitable for infusing butter used in lamination (as long as the infusion does not affect butter plasticity or moisture).

**Sources used**  
- Source 1 (the-food-lab-better-home-cooking.pdf, Page 247, Chunk 0) - discusses flavor compounds that associate with fat.  
- Source 3 (the-professionne chef.pdf, Page 255, Chunk 1) - details fats and their ability to carry flavor.","Source 1: the-food-lab-better-home-cooking.pdf | Page 247 | Chunk 0 | Extraction: pypdf
Source 2: advanced-bread-and-pastry_Part10.pdf | Page 64 | Chunk 2 | Extraction: pypdf
Source 3: the-professionne chef.pdf | Page 255 | Chunk 1 | Extraction: pypdf
Source 4: the-professionne chef.pdf | Page 1228 | Chunk 5 | Extraction: pypdf
Source 5: advanced-bread-and-pastry_Part11.pdf | Page 46 | Chunk 3 | Extraction: pypdf"
2026-05-24 14:54,baking soda vs baking powder in brownies,"In brownies, the choice between baking soda and baking powder affects both the texture and browning of the final product due to their different chemical properties and reactions during baking.

**Baking Soda (Sodium Bicarbonate):**
- Requires an acidic ingredient in the batter to activate and produce carbon dioxide, which leavens the brownies.
- Raises the pH, creating an alkaline environment that enhances the Maillard reaction, resulting in better browning and deeper color on the crust and surfaces.
- Excess baking soda can cause rapid and excessive gas production, leading to a soapy, chemical aftertaste and a dense, flat texture because the bubbles expand and then burst prematurely.
- Helps improve browning and flavor complexity due to the Maillard reaction.

**Baking Powder:**
- Contains baking soda, an acid, and a starch, so it does not require additional acidic ingredients for activation.
- Usually double-acting, producing carbon dioxide once when mixed with moisture and again when heated, which provides a lighter, fluffier texture.
- Baking powder-leavened brownies tend to be softer and less dense than those made with baking soda.
- Does not contribute as much to browning or alkalinity as baking soda because the acid component neutralizes the alkalinity.

**In Summary for Brownies:**
- Use baking soda if your brownie recipe contains acidic components (e.g., cocoa powder, buttermilk, yogurt) and you want increased browning and a more robust, potentially denser texture.
- Use baking powder if the recipe lacks sufficient acid and you want a softer, lighter brownie without relying on added acid.
- Overuse of baking soda can result in off-flavors and poor texture, so it must be carefully measured.

Therefore, the best choice depends on the specific acidity of your brownie batter and desired texture and browning effects.

Sources used:  
1. Source 1: the-food-lab-better-home-cooking.pdf | Page 198 | Chunk 0 | extracted via pypdf  
2. Source 2: the-food-lab-better-home-cooking.pdf | Page 191 | Chunk 2 | extracted via pypdf  
3. Source 3: the-food-lab-better-home-cooking.pdf | Page 192 | Chunk 0 | extracted via pypdf  
4. Source 4: the-food-lab-better-home-cooking.pdf | Page 191 | Chunk 1 | extracted via pypdf  
5. Source 5: french-patisserie-ferrandi_Part9.pdf | Page 14 | Chunk 0 | extracted via pypdf","Source 1: the-food-lab-better-home-cooking.pdf | Page 198 | Chunk 0 | Extraction: pypdf
Source 2: the-food-lab-better-home-cooking.pdf | Page 191 | Chunk 2 | Extraction: pypdf
Source 3: the-food-lab-better-home-cooking.pdf | Page 192 | Chunk 0 | Extraction: pypdf
Source 4: the-food-lab-better-home-cooking.pdf | Page 191 | Chunk 1 | Extraction: pypdf
Source 5: french-patisserie-ferrandi_Part9.pdf | Page 14 | Chunk 0 | Extraction: pypdf"
2026-05-24 14:56,brownies without baking soda or baking powder,"Brownies can be made without baking soda or baking powder, but the texture and rise will differ compared to chemically leavened brownies. Without these leavening agents, brownies tend to be denser and fudgier rather than cakey or fluffy, because there is no generation of carbon dioxide gas to create air bubbles and lighten the batter.

Key points for making brownies without baking soda or baking powder:

- **Texture:** You will get a dense, moist, and fudgy brownie, which many people prefer for classic-style brownies where a cakey crumb is not desired.
- **Leavening:** The rise and lightness that baking soda or powder provide will be absent, so the brownies will spread less and be more compact.
- **Mixing technique:** To introduce some air into the batter without chemical leaveners, you can beat the eggs well with sugar to incorporate air before folding in the dry ingredients. This helps achieve some lift from mechanical aeration.
- **Baking time:** You may need to adjust baking time slightly, as denser batters can take longer to bake fully in the center.

In summary, baking soda and powder are not mandatory for brownies if you want denser, fudgier brownies. Many traditional brownie recipes omit chemical leaveners, relying on eggs and mixing to create structure.

Sources used:  
1. Source 4: the-food-lab-better-home-cooking.pdf | Page 191 | Chunk 0 | extracted via pypdf  
2. Source 1: the-food-lab-better-home-cooking.pdf | Page 198 | Chunk 0 | extracted via pypdf","Source 1: the-food-lab-better-home-cooking.pdf | Page 198 | Chunk 0 | Extraction: pypdf
Source 2: the-food-lab-better-home-cooking.pdf | Page 198 | Chunk 1 | Extraction: pypdf
Source 3: the-food-lab-better-home-cooking.pdf | Page 191 | Chunk 2 | Extraction: pypdf
Source 4: the-food-lab-better-home-cooking.pdf | Page 191 | Chunk 0 | Extraction: pypdf
Source 5: french-patisserie-ferrandi_Part9.pdf | Page 14 | Chunk 0 | Extraction: pypdf"
2026-05-24 15:32,what do you know about poolish ,"Poolish is a type of preferment first developed by Polish bakers at the end of the 19th century and later adapted in Austria and France. It is a pre-fermented mixture of equal parts flour and water by weight (100% hydration), along with a small amount of commercial yeast. Poolish has a liquid, batter-like consistency and typically does not contain salt.

**Purpose and Benefits:**
- Poolish serves as a transitional method between traditional sourdough fermentation and direct commercial yeast baking.
- It enhances the bread’s texture, resulting in a lighter crumb compared to sourdough bread common at the time of its invention.
- Bread made with poolish is less acidic than sourdough bread.
- It contributes to flavor development due to enzymatic activity during the fermentation period.
- Poolish is the preferment of choice for classic French baguette dough.
  
**Process:**
- Poolish is made by mixing equal weights of flour and water with a very small percentage of yeast (yeast amount varies with fermentation time).
- It is allowed to ferment at room temperature, generally for 12-16 hours.
- The yeast quantity is adjusted based on fermentation time; for example, 0.1% fresh yeast for 12-15 hours, increasing if shorter fermentation is desired.
- Salt is usually omitted from the poolish to not inhibit yeast activity during fermentation.

**Usage:**
- The poolish contributes flavor and improves dough extensibility and oven spring.
- Typical poolish size ranges from 20% to 80% of the total water in the final dough formula.
  
**Secondary Effects of Prefermentation:**
- During fermentation, enzymes in the flour break down starches and proteins, enhancing flavor and texture.
- Yeast consumes simple sugars during prefermentation, potentially reducing sugar available in the final dough, which may affect crust coloration.
- When a high amount of poolish is used, adjustments like lowering the temperature of added water might be needed to control dough temperature.

In summary, poolish is a liquid preferment with equal parts flour and water plus yeast, matured at room temperature for enhanced flavor, texture, and baking qualities, widely used especially in classic French breads like baguettes.

---

**Sources used:**  
1. advanced-bread-and-pastry_Part1.pdf | Chunk 1 | extracted via context analysis  
2. advanced-bread-and-pastry_Part1.pdf | Chunk 2 | extracted via context analysis  
3. advanced-bread-and-pastry_Part4.pdf | Chunk 1 | extracted via context analysis  
4. advanced-bread-and-pastry_Part2.pdf | Chunk 1 | extracted via context analysis","Source 1: advanced-bread-and-pastry_Part1.pdf | Page N/A | Chunk N/A | Extraction: unknown
Source 2: advanced-bread-and-pastry_Part1.pdf | Page N/A | Chunk N/A | Extraction: unknown
Source 3: advanced-bread-and-pastry_Part4.pdf | Page N/A | Chunk N/A | Extraction: unknown
Source 4: advanced-bread-and-pastry_Part3.pdf | Page N/A | Chunk N/A | Extraction: unknown
Source 5: advanced-bread-and-pastry_Part2.pdf | Page N/A | Chunk N/A | Extraction: unknown"
2026-05-24 15:34,what is the best temp for water in poolish,"The best temperature for water used in making poolish aims to achieve an overall desired dough temperature (DDT) around 70°F (21°C). According to the provided context, when mixing poolish, the water temperature is often set near:

- **60°F (16°C) water temperature** in a bakery environment of about 80-85°F (27-29°C). This cooler water helps regulate fermentation so that the poolish matures properly within the intended time frame (typically 12 to 16 hours at room temperature).
- If the environment or bakery temperature is warmer, the water temperature should be lowered accordingly to slow yeast activity and prevent over-fermentation.
- Since poolish ferments at room temperature (approximately 65-70°F or 18-21°C), the water temperature is chosen to balance out the temperature of the flour and other ingredients to achieve the target DDT of about 70°F (21°C).

In short, **water around 60°F (16°C) is commonly used for poolish to maintain proper fermentation timing and yeast activity at typical room temperatures.**

---

**Sources used:**

1. advanced-bread-and-pastry_Part1.pdf | Chunk N/A | guidance on water temperature and bakery conditions  
2. advanced-bread-and-pastry_Part4.pdf | Chunk N/A | poolish formula and target dough temperature  
3. advanced-bread-and-pastry_Part2.pdf | Chunk N/A | advice on adjusting water temperature according to preferment quantity and room temperature","Source 1: advanced-bread-and-pastry_Part2.pdf | Page N/A | Chunk N/A | Extraction: unknown
Source 2: advanced-bread-and-pastry_Part1.pdf | Page N/A | Chunk N/A | Extraction: unknown
Source 3: advanced-bread-and-pastry_Part4.pdf | Page N/A | Chunk N/A | Extraction: unknown
Source 4: advanced-bread-and-pastry_Part1.pdf | Page N/A | Chunk N/A | Extraction: unknown
Source 5: advanced-bread-and-pastry_Part3.pdf | Page N/A | Chunk N/A | Extraction: unknown"
2026-05-24 15:40,using active dry yeast in poolish,"When using active dry yeast in poolish, you can substitute it for fresh yeast by using approximately 40% of the fresh yeast weight called for in the poolish recipe. Since poolish fermentation times can range from a few hours to 12-15 hours, you need to adjust the amount of active dry yeast accordingly to control fermentation speed.

**Key points when using active dry yeast in poolish:**

- **Yeast quantity:** Use about 40% of the fresh yeast amount when replacing it with active dry yeast. For example, if the recipe calls for 0.1% fresh yeast (based on flour weight) for a 12-15 hour fermentation, use approximately 0.04% active dry yeast.
- **Hydration and mixing:** Active dry yeast needs rehydration or sufficient mixing to activate; it can be mixed directly with the flour and water since the poolish is liquid and allows easy yeast activation.
- **Fermentation time:** The fermentation time guidelines remain similar (3 hours, 7-8 hours, or 12-15 hours), adjusting yeast quantity inversely to fermentation length.
- **Temperature:** Maintain water and ambient temperatures to support the target fermentation (usually around 65-70°F or 18-21°C) to prevent over- or under-fermentation.
  
By properly adjusting the active dry yeast quantity and maintaining proper fermentation conditions, you can successfully use active dry yeast in making poolish.

---

**Sources used:**

1. advanced-bread-and-pastry_Part1.pdf | Chunk on yeast quantities for poolish fermentation times  
2. the-professionne chef.pdf | Page 1040 | Chunk 2 | Active dry yeast substitution guidelines","Source 1: advanced-bread-and-pastry_Part1.pdf | Page N/A | Chunk N/A | Extraction: unknown
Source 2: the-professionne chef.pdf | Page 1040 | Chunk 2 | Extraction: pypdf
Source 3: advanced-bread-and-pastry_Part1.pdf | Page N/A | Chunk N/A | Extraction: unknown
Source 4: advanced-bread-and-pastry_Part3.pdf | Page N/A | Chunk N/A | Extraction: unknown
Source 5: advanced-bread-and-pastry_Part2.pdf | Page N/A | Chunk N/A | Extraction: unknown"
2026-05-24 15:41,active dry yeast percentage in poolish for 5 hr fermentation ,"For a 5-hour fermentation time in a poolish, the yeast amount would be intermediate between the values given for 3 hours and 7-8 hours fermentations.

From the provided context, the fresh yeast amounts (based on flour weight) are:

- 3 hours: 1.5% fresh yeast  
- 7 to 8 hours: 0.7% fresh yeast  
- 12 to 15 hours: 0.1% fresh yeast

Since 5 hours is between 3 and 7-8 hours, the fresh yeast percentage would be roughly around 1.0% (estimated interpolation).

**Substituting active dry yeast for fresh yeast:**

- Active dry yeast is typically used at about 40% of the fresh yeast weight.

Therefore:

- For 5 hours, estimated fresh yeast = ~1.0%  
- Active dry yeast = 40% of 1.0% = **0.4% active dry yeast (based on flour weight)**

---

**Summary:**  
For a 5-hour fermentation, use approximately **0.4% active dry yeast** based on the flour weight in your poolish.

---

**Sources used:**  
1. advanced-bread-and-pastry_Part1.pdf | Chunk on yeast quantities by fermentation times  
2. advanced-bread-and-pastry_Part1.pdf | Figure 4-3 yeast quantity calculation table","Source 1: advanced-bread-and-pastry_Part1.pdf | Page N/A | Chunk N/A | Extraction: unknown
Source 2: advanced-bread-and-pastry_Part3.pdf | Page N/A | Chunk N/A | Extraction: unknown
Source 3: advanced-bread-and-pastry_Part2.pdf | Page N/A | Chunk N/A | Extraction: unknown
Source 4: advanced-bread-and-pastry_Part3.pdf | Page N/A | Chunk N/A | Extraction: unknown
Source 5: advanced-bread-and-pastry_Part3.pdf | Page N/A | Chunk N/A | Extraction: unknown"
2026-05-24 15:47,"THE PROOF LAB  |  Standard Operating Procedure  |  SOP-001


The Brownies — 
Standard Operating Procedure
Document Code	SOP-001
Version & Date	v2.1 — January 2026

1. Purpose & Scope
This SOP governs all production of The Brownies — (SOP-001). It documents the final perfected recipe v2.1 and must be followed in full for every batch. No steps may be skipped or reordered.
What makes v2.1 special:
•	All butter browned (250g → 203g) for deep nutty, caramel notes
•	Extra egg yolk compensates for moisture loss from browning
•	Cocoa bloomed with hot butter (80–90°C) for intense chocolate aromatics
•	Dark brown sugar blend (67%) for molasses richness and depth
•	Bloomed espresso amplifies chocolate perception by 30–40%
•	30-minute batter rest integrates all flavors fully
2. Ingredients
Ingredient	Qty	Notes / Specification
Unsalted Butter	250 g	Will brown down to ~203g. Anchor brand.
Carma 70% Dark Chocolate	300 g	Chopped: mostly 0.5–1cm, some 1.5–2cm chunks.
Valrhona Cocoa Powder	106 g	Premium Dutch-process. Non-negotiable brand.
Eggs (whole)	4 pcs	Room temperature min 30 mins.
Egg Yolk (extra)	1 pc	Moisture compensation.
Dark Brown Sugar	300 g	67% of total sugar. SIS brand.
Caster Sugar	147 g	33% of total sugar. Alosra brand.
All Purpose Flour 	180 g	Sifted with salt and baking powder.
Vanilla Extract	3 g	Pure extract only.
Espresso Powder	3 g	Bloomed in 1 tbsp (15g) hot water before use.
Fine Sea Salt	5 g	In batter.
Flaky Sea Salt (Maldon)	2 g	TOPPING ONLY — applied after spreading in pan.
Baking Powder	6 g	Optional for lift.
3. Procedure
Step 1: Brown All Butter (10-12 min)
Place 250g unsalted butter in heavy-bottomed saucepan. Heat over MEDIUM heat. Swirl pan constantly. Watch for golden-brown specks. IMMEDIATELY when golden-brown specks appear → remove from heat. Pour into heatproof bowl. Final weight: 200–210g.
Step 2: Bloom Cocoa Powder (3-4 min)
Let browned butter cool to ~80–90°C. Add Valrhona cocoa powder (106g) directly into the hot browned butter. Whisk vigorously 30–45 seconds. Let mixture REST for 2 minutes. Whisk again briefly. Set aside to cool to ~60–70°C.
Step 3: Cream Eggs & Sugars (5-6 min)
In stand mixer with PADDLE: 4 whole eggs + 1 egg yolk + dark brown sugar (300g) + caster sugar (147g). Beat on MEDIUM-HIGH speed for 5–6 minutes without stopping until light and fluffy. Last 30 seconds: add vanilla extract and bloomed espresso.
Step 4: Combine Wet Ingredients (2-3 min)
Pour chocolate mixture into egg-sugar mixture. Using rubber spatula ONLY: fold 15–20 strokes or until JUST combined. Stop immediately.
Step 5: Add Dry Ingredients (3-4 min)
Add sifted dry ingredients in three additions. Fold gently. Total fold strokes: 22–28 MAXIMUM. Count them. Better to slightly undermix than overmix.
Step 6: Fold in Chocolate Chunks (1 min)
Add chopped Carma 70% chocolate (300g). Fold gently: 10–12 strokes. Distribute evenly.
Step 7: The Critical 30-Minute Rest
Cover mixing bowl TIGHTLY with plastic wrap touching the surface of batter. Place on counter at ROOM TEMPERATURE (20–24°C). Set timer for exactly 30 minutes. Do not disturb.
Step 8: Pour, Spread & Bake
Pour batter into prepared 9×11 inch parchment-lined pan. Spread EVENLY. Sprinkle Maldon flaky salt (2g) evenly. Bake on MIDDLE RACK of preheated 175°C oven for 28 minutes. Toothpick test: moist crumbs attached — like damp soil. Remove immediately.
criticize this recipe ","Here is a critique of the provided SOP-001 “The Brownies” recipe based on standard baking principles and comparison with classical brownie recipes and methods from the context:

### Strengths:
1. **Use of Browned Butter:**  
   Browning the butter adds rich, nutty, caramel notes, enhancing complexity and depth beyond standard melted butter. This is a sophisticated touch that elevates flavor.

2. **Blooming Cocoa in Hot Butter:**  
   Blooming the Dutch-process cocoa powder in hot browned butter maximizes chocolate aroma and color intensity, supporting a deep chocolate profile.

3. **Combination of Dark Brown Sugar and Caster Sugar:**  
   The dark brown sugar at 67% contributes molasses richness and moistness, while caster sugar adds sweetness and lightness, balancing flavor and texture well.

4. **Addition of Espresso Powder:**  
   Blooming espresso powder in hot water and adding it boosts chocolate perception for a richer chocolate flavor, a classic technique.

5. **30-Minute Batter Rest:**  
   Allowing the batter to rest tightly covered likely helps hydrate the flour and integrates the flavors, possibly contributing to a more uniform crumb.

6. **Detailed Folding Technique:**  
   Careful control of mixing/folding to avoid over-developing gluten demonstrates attention to texture, aiming for a tender, fudgy crumb.

### Criticisms / Areas for Improvement:

1. **Browning Butter Weight Loss Not Fully Clarified:**  
   The butter is browned from 250g down to about 203g, but the recipe still lists 250g butter in ingredients, without clarifying actual fat solids/liquids going into the batter. Using the browned final weight (203g) as the base would be clearer for baker’s percentage and recipe scaling.

2. **High Sugar-to-Flour Ratio Leading to Very Sweet and Possibly Weakened Structure:**  
   Total sugar is 447g (300g dark brown + 147g caster) against only 180g flour, giving a sugar-to-flour ratio of about 2.5:1, very high compared to typical brownie formulas (~1.7:1 or lower, see Source 1 and 5). This might make the brownies overly sweet and prone to spreading or lacking structure.

3. **Relatively Low Flour Quantity:**  
   180g flour is low for 300g chocolate + 203g butter + nearly 450g sugar. This contributes to a very dense and fudgy brownie but might lack sufficient gluten for lifting or chew. Inclusion of baking powder is marked optional, but if omitted, these brownies may be very flat and dense.

4. **Unconventional Egg Quantity Relative to Flour and Fat:**  
   4 whole eggs + 1 yolk is a high egg-to-flour ratio. Eggs provide moisture, richness, and structure, but the high amount compensates moisture lost during browning butter but could lead to excess protein coagulation, potentially impacting texture (rubbery or cakey).

5. **Baking Powder Included but Marked ‘Optional’:**  
   The recipe includes 6g baking powder in dry ingredients but classifies it as optional for lift. For such a rich, dense batter with low flour, this may be helpful to prevent a too-dense product. Clearer recommendation would be better.

6. **Lack of Specifics Around Chocolate Melting:**  
   The recipe folds cocoa powder into browned butter but does not clearly state how and when the 300g chocolate chunks are tempered or melted. They are folded in last but likely remain solid chunks. This is fine for texture but is a deviation from typical recipes that incorporate melted chocolate with butter (see Source 1, 5).

7. **Mixing Times Could Induce Over-Aeration:**  
   Eggs and sugars are beaten for 5-6 minutes until light and fluffy. This may incorporate more air than desired for a fudgy brownie, potentially creating a cakier crumb inconsistent with deeply fudgy brownies described in classical recipes.

8. **Resting Step - Impact on Texture Needs Clarification:**  
   The 30-minute resting of the batter is unusual for brownies but may develop gluten further or hydrate cocoa flour better. However, it risks over-developing structure if folding and mixing are not meticulously controlled.

9. **No Inclusion of Nuts or Add-ins (Optional?):**  
   Many classical brownies include nuts for texture (walnuts, pecans), which add contrast to the fudgy interior. This recipe omits them, which is acceptable but may reduce complexity.

10. **Baking Time/Temperature Slightly Lower Compared to References:**  
    The recipe calls for 175°C for 28 minutes, whereas many fudge brownie recipes bake at around 177-180°C for about 30 minutes or more (see Source 5). This probably aims at a moist crumb but may require attention to oven calibration.

### Summary
This recipe is a sophisticated, flavor-forward fudge brownie emphasizing deep chocolate and caramel notes using techniques like browned butter and cocoa blooming. However, it pushes the limits on sugar and egg ratios and relies on precise handling to avoid a too-dense or cakey texture. It lacks clarity around ingredient weights post-browning and the role of baking powder, which could be better specified. The resting and mixing approach can affect texture significantly and might need further empirical testing for best results.

---

### Suggestions
- Specify butter weight after browning explicitly as the amount used.  
- Consider slightly lowering sugar or increasing flour to balance sweetness and structure.  
- Clarify use and necessity of baking powder depending on desired texture.  
- Provide more instructions on handling solid chocolate chunks for consistency.  
- Evaluate shorter mixing time on eggs to limit over-aeration if fudgy texture is preferred.  
- Optionally, include nuts or note as add-ins for texture variation.

---

**Sources used:**

- Source 1: advanced-bread-and-pastry_Part5.pdf | Page 48 | Chunk 117 | Brownies formula and method  
- Source 5: the-professionne chef.pdf | Page 1113 | Chunk 0 | Fudge Brownies classical method and comparison  
- Source 4: advanced-bread-and-pastry_Part5.pdf | Page 29 | Chunk 76 | Cookie ingredient and method context for sugar/flour ratios","Source 1: advanced-bread-and-pastry_Part5.pdf | Page 48 | Chunk 117 | Extraction: unknown
Source 2: advanced-bread-and-pastry_Part5.pdf | Page 41 | Chunk 105 | Extraction: unknown
Source 3: the-professionne chef.pdf | Page 1111 | Chunk 1 | Extraction: pypdf
Source 4: advanced-bread-and-pastry_Part5.pdf | Page 29 | Chunk 76 | Extraction: unknown
Source 5: the-professionne chef.pdf | Page 1113 | Chunk 0 | Extraction: pypdf"
2026-05-24 15:49,what is the ddt for brownies,"The term **DDT (Desired Dough Temperature)** refers to the target temperature of the dough or batter as it leaves mixing, which influences fermentation, gluten development, and final product quality.

In the context of brownies, which are a type of batter rather than yeast-raised dough, the **DDT concept applies less directly** than for bread doughs. However, for mixing and baking brownies, maintaining proper temperatures for melted chocolate, butter, and the combined batter is important to ensure good texture and structure.

From the provided sources, there isn’t a direct specification of a DDT value for brownie batter. However, some temperature guidance can be inferred:

- In the classic Fudge Brownie recipe (Source 1), melted chocolate and butter are heated but **should not exceed 110°F (43°C)** before combining with eggs.
- The batter is mixed after cooling the chocolate-butter to **room temperature**.
- Baking is performed at **350°F (177°C)** for about 30 minutes.

This implies the brownie batter temperature entering the oven should ideally be around **room temperature (approximately 20–25°C or 68–77°F)**, ensuring proper emulsification and avoiding cooking or curdling the eggs prematurely.

**Summary:**  
- There is no explicit DDT listed for brownies in these sources.  
- The *closest practical guideline* is to cool chocolate-butter mixture to **below 110°F (43°C)** before mixing with eggs to avoid cooking them.  
- The batter should be near **room temperature (~20–25°C)** before baking to ensure proper mixing and baking behavior.

---

**Sources used:**  
1. the-professionne chef.pdf | Page 1113 | Chunks 0 and 1 | Chocolate-butter heating and mixing temperatures  
2. advanced-bread-and-pastry_Part11.pdf | Page 45 | Chunk 2 | Definition and general notes on DDT (Desired Dough Temperature)","Source 1: the-professionne chef.pdf | Page 1113 | Chunk 0 | Extraction: pypdf
Source 2: the-professionne chef.pdf | Page 1113 | Chunk 1 | Extraction: pypdf
Source 3: advanced-bread-and-pastry_Part5.pdf | Page 48 | Chunk 117 | Extraction: unknown
Source 4: the-professionne chef.pdf | Page 1111 | Chunk 1 | Extraction: pypdf
Source 5: advanced-bread-and-pastry_Part11.pdf | Page 45 | Chunk 2 | Extraction: pypdf"
2026-05-24 15:50,best sugar percenage for brownies,"Based on the benchmark recipes from the provided context, the recommended sugar percentage for brownies typically ranges between **170% and 173% baker’s percentage** relative to flour weight.

### Evidence from Sources:

- **Source 1 (advanced-bread-and-pastry_Part5.pdf)**:  
  Sugar is given at **172.8%** of the flour weight (172.8% baker’s %). This recipe is a classic brownie formula with a rich chocolate base.

- **Source 2 (the-professionne chef.pdf)**:  
  The sugar to flour ratio is slightly less explicitly stated but roughly corresponds to a sugar amount that is about **300% of the flour weight** (2.04 kg sugar for 0.68 kg flour, but this includes nuts and higher quantity overall). This higher ratio indicates a very sweet, fudgy style brownie.

- Other pastries and cookies summarized show sugar usually close to or less than 100% relative to flour, but brownies by nature require higher sugar to create their characteristic texture and sweetness.

### Why such high sugar?

- Brownies typically have **very high sugar content** relative to flour to produce a tender, moist, and fudgy crumb.  
- Sugar also plays a critical role in moisture retention and tenderization in brownie crumb.
- A sugar level near or above **170% baker’s percentage** is typical for a fudgy brownie.

---

### Summary:

| Recipe Source                        | Approximate Sugar Baker’s % (based on flour) |
|------------------------------------|----------------------------------------------|
| Source 1 (Classic Brownie)          | 172.8%                                       |
| Source 2 (Fudge Brownie – Pro Chef) | Approximately 300% (very rich, nutty style) |
| Typical range for fudgy brownies    | 150% to 175%                                 |

**Best sugar percentage for brownies:**  
**Around 170% (±10%) of the flour weight.**

This range balances sweetness, moisture, and texture for classic fudgy brownies.

---

**Sources used:**  
1. advanced-bread-and-pastry_Part5.pdf | Page 48 | Chunk 117 | Brownie formula baker's percentages  
2. the-professionne chef.pdf | Page 1113 | Chunk 0 | Fudge Brownie ingredient ratios","Source 1: advanced-bread-and-pastry_Part5.pdf | Page 48 | Chunk 117 | Extraction: unknown
Source 2: the-professionne chef.pdf | Page 1113 | Chunk 0 | Extraction: pypdf
Source 3: the-professionne chef.pdf | Page 1113 | Chunk 1 | Extraction: pypdf
Source 4: advanced-bread-and-pastry_Part5.pdf | Page 31 | Chunk 82 | Extraction: unknown
Source 5: advanced-bread-and-pastry_Part5.pdf | Page 32 | Chunk 85 | Extraction: unknown"
2026-05-24 15:54,"2. Ingredients
Ingredient	Qty	Notes / Specification
Unsalted Butter	250 g	Will brown down to ~203g. Anchor brand.
Carma 70% Dark Chocolate	200 g	Chopped: mostly 0.5–1cm, some 1.5–2cm chunks.
Valrhona Cocoa Powder	106 g	Premium Dutch-process. Non-negotiable brand.
Eggs (whole)	4 pcs	Room temperature min 30 mins.
Egg Yolk (extra)	1 pc	Moisture compensation.
Dark Brown Sugar	162 g	67% of total sugar. SIS brand.
Caster Sugar	147 g	33% of total sugar. Alosra brand.
All Purpose Flour 	180 g	Sifted with salt and baking powder.
Vanilla Extract	3 g	Pure extract only.
Espresso Powder	3 g	Bloomed in 1 tbsp (15g) hot water before use.
Fine Sea Salt	5 g	In batter.
Flaky Sea Salt (Maldon)	2 g	TOPPING ONLY — applied after spreading in pan.
Baking Powder	6 g	Optional for lift.
what do you this of this recipe","Here's an assessment of the brownie recipe you provided based on baking principles and the context of classical brownie formulas:

---

### Positive Aspects:

1. **Browned Butter (250g reduced to ~203g):**  
   Browning butter adds a rich, nutty flavor and more depth compared to plain melted butter, which elevates the overall taste profile.

2. **Combination of Dutch-processed Cocoa (106g) and 70% Dark Chocolate (200g):**  
   Using both cocoa powder and chunked dark chocolate enhances the chocolate intensity and textural variety, producing a rich and complex chocolate flavor with pockets of melted chocolate.

3. **Egg Composition:**  
   4 whole eggs plus 1 egg yolk adds richness, moisture, and emulsification. The extra yolk compensates moisture lost by browning butter, which is a thoughtful adjustment.

4. **Sugar Blend (67% dark brown sugar + 33% caster sugar, total 309g):**  
   Brown sugar contributes moistness and caramel notes, while caster sugar balances sweetness and lightness. The total sugar weight (~309g) against 180g flour is a high sugar ratio typical of fudgy brownies.

5. **Addition of Espresso Powder:**  
   Blooming espresso powder in hot water before incorporation intensifies and rounds out the chocolate flavor.

6. **Salt Inclusion:**  
   5g fine sea salt within the batter and flaky Maldon salt on top add balanced seasoning and flavor contrast, enhancing chocolate perception.

7. **All-purpose Flour Sifted with Salt and Optional Baking Powder:**  
   Sifting ensures good aeration and even distribution of leavening/salt. Including 6g baking powder as optional allows for some choice between fudgy and slightly cakier texture.

---

### Potential Issues / Critical Notes:

1. **High Sugar to Flour Ratio (~172% sugar relative to flour):**  
   The sugar amount is high relative to the flour (309g sugar to 180g flour). This is within the typical range for fudgy brownies but on the higher side, which may produce a very sweet and moist crumb that could sometimes lack enough structure.

2. **Butter Weight Confusion:**  
   The recipe lists 250g butter browned down to about 203g but does not clarify if 203g browned butter is fully incorporated or 250g measured in at start. Recipe scaling and baker's percentages work best with the *final* amount used (203g).

3. **Mixing Method and Temperatures Not Provided:**  
   Method details such as temperature control during chocolate melting, mixing order, and mixing speed/time can strongly affect ultimate texture but are not included here.

4. **Optional Baking Powder:**  
   With the high fat and sugar, omitting baking powder might yield a very dense, fudgy texture, which is appropriate if that is the goal. However, if a bit of lift is desired, 6g (approx 1.5 tsp) baking powder is helpful.

5. **Flour Type:**  
   Use of all-purpose flour will lead to a moderate gluten development. For a slightly more tender crumb, pastry flour could be considered, but AP flour is a solid classic choice.

---

### Overall Evaluation:

This recipe is well-formulated for a deeply flavorful, rich, fudgy chocolate brownie with layered chocolate notes from combining browned butter, cocoa, and chocolate chunks. The sugar proportion and egg content support a moist, tender texture that’s rich and indulgent.

To optimize:  
- Clarify butter final usage weight for consistency and scaling.  
- Ensure chocolate and butter are not overheated to avoid cooking eggs during mixing.  
- Adjust mixing and resting times if possible (the original SOP had a 30 min rest) to control gluten and batter hydration for best crumb.

This recipe reflects a thoughtful, professional approach and should produce an excellent brownie with intense chocolate flavor and moist but tender texture.

---

**Sources used:**  
- Source 1: advanced-bread-and-pastry_Part5.pdf | Page 48 | Chunk 117 | Brownie formula baker’s percentages and method notes  
- Source 5: advanced-bread-and-pastry_Part5.pdf | Page 78 | Chunk 194 | Fudge Brownie ingredient and mixing considerations","Source 1: advanced-bread-and-pastry_Part6.pdf | Page 86 | Chunk 258 | Extraction: unknown
Source 2: advanced-bread-and-pastry_Part8.pdf | Page 69 | Chunk 0 | Extraction: pypdf
Source 3: advanced-bread-and-pastry_Part4.pdf | Page N/A | Chunk N/A | Extraction: unknown
Source 4: advanced-bread-and-pastry_Part6.pdf | Page 83 | Chunk 250 | Extraction: unknown
Source 5: advanced-bread-and-pastry_Part5.pdf | Page 78 | Chunk 194 | Extraction: unknown"
2026-05-24 15:57,best temp to bloom cocoa powder ,"**Blooming cocoa powder** generally means hydrating it to fully release its flavor and dissolve any lumps, often by mixing it into a warm liquid.

From the context and baking practice:

- Cocoa powder does not need a very high temperature to bloom.  
- Typically, it is bloomed by mixing it into a liquid (water, milk, or coffee) that is **heated between 60°C and 70°C (140°F to 160°F)**.  
- This temperature range helps dissolve the cocoa solids evenly without scorching or causing bitterness.  
- Blooming cocoa at this temperature assists in deepening chocolate flavor and smoothing texture in batters or sauces.

---

### Summary:

**Best temperature to bloom cocoa powder:**  
**Approximately 60–70°C (140–160°F)** in hot liquid.

---

**Note:** The provided context does not explicitly specify a temperature for blooming cocoa powder, but general pastry science and related methods for cocoa/baking indicate this range.

---

**Sources used:**  
- Source 1: french-patisserie-ferrandi_Part9.pdf | Page 9 | Chunk 0 | Cocoa powder properties and usage recommendations  
- Additional baking knowledge consistent with cocoa hydration practices","Source 1: french-patisserie-ferrandi_Part9.pdf | Page 9 | Chunk 0 | Extraction: pypdf
Source 2: french-patisserie-ferrandi_Part19.pdf | Page 4 | Chunk 1 | Extraction: pypdf
Source 3: advanced-bread-and-pastry_Part10.pdf | Page 70 | Chunk 1 | Extraction: pypdf
Source 4: advanced-bread-and-pastry_Part8.pdf | Page OCR | Chunk 257 | Extraction: llamaparse_ocr
Source 5: advanced-bread-and-pastry_Part10.pdf | Page 62 | Chunk 2 | Extraction: pypdf"
2026-05-24 16:02,best temp for eggs to dissolve sugar in brownies,"The best temperature to dissolve sugar in eggs for brownies, based on professional pastry methods, is approximately **110°F to 113°F (43°C to 45°C)**.

---

### Explanation from Sources:

- According to **Source 1 (the-professionne chef.pdf)**, for the *warm foaming method*, eggs and sugar are combined and heated to **about 110°F (43°C)** while stirring or whisking to completely dissolve the sugar. This temperature helps increase volume and develop a finer grain texture in the batter.

- **Source 3 (french-patisserie-ferrandi_Part17.pdf)** also recommends whisking sugar and eggs over a pan of hot water until the temperature reaches around **113°F (45°C)** for a pale, thick mixture that achieves the correct ribbon stage.

---

### Why this temperature?

- Heating to this temperature range dissolves sugar efficiently without cooking or coagulating the eggs.
- It promotes smooth texture and stable foam formation, important for brownies that rely on well-mixed batters.

---

**Summary:**

| Temperature Range | Purpose                                       |
|-------------------|-----------------------------------------------|
| 110°F - 113°F (43°C - 45°C)  | Warm eggs and sugar to dissolve sugar thoroughly and stabilize aeration without curdling eggs |

---

**Sources used:**  
1. the-professionne chef.pdf | Page 1083 | Chunk 1 | Warm foaming method of eggs and sugar at 110°F (43°C)  
3. french-patisserie-ferrandi_Part17.pdf | Page 4 | Chunk 1 | Whisk sugar and eggs to 113°F (45°C) over hot water","Source 1: the-professionne chef.pdf | Page 1083 | Chunk 1 | Extraction: pypdf
Source 2: advanced-bread-and-pastry_Part10.pdf | Page 3 | Chunk 2 | Extraction: pypdf
Source 3: french-patisserie-ferrandi_Part17.pdf | Page 4 | Chunk 1 | Extraction: pypdf
Source 4: french-patisserie-ferrandi_Part15.pdf | Page 37 | Chunk 0 | Extraction: pypdf
Source 5: advanced-bread-and-pastry_Part7.pdf | Page 15 | Chunk 49 | Extraction: unknown"
2026-05-24 16:03,best way to warm the eggs to 43c,"The best way to warm eggs to about **43°C (110°F)** for dissolving sugar in brownies (e.g., for a warm foaming method) is to use a **warm water bath (bain-marie)**.

---

### Step-by-step method:

1. **Prepare a hot water bath:**  
   - Heat water in a pot until it reaches around 50°C to 55°C (120°F to 130°F).  
   - Remove the pot from heat to avoid overshooting the target temperature.

2. **Place egg-and-sugar mixture in a heatproof bowl:**  
   - Use a stainless steel or glass bowl large enough to sit snugly on top of the pot without touching the water.

3. **Warm the eggs gently:**  
   - Set the bowl over the hot water bath. Stir continuously or whisk to evenly distribute heat.  
   - Monitor the temperature of the egg mixture with an instant-read thermometer, aiming for **43°C (110°F)**.

4. **Adjust heat as needed:**  
   - If water cools below ~50°C, remove bowl or briefly reheat water to maintain gentle warming.  
   - Avoid raising the temperature above 50°C to prevent cooking eggs.

5. **Once sugar is dissolved and temperature reached, remove from water bath:**  
   - Continue whisking until mixture is pale and slightly thickened, then proceed with the recipe.

---

### Why this method?

- **Even gentle heat** prevents premature cooking or curdling of eggs.  
- Constant stirring ensures uniform heat and sugar dissolution.  
- Using an instant-read thermometer helps control the process precisely.  

---

**Summary:**  
Use a warm water bath (bain-marie) with stirring, heating the egg and sugar mixture slowly and carefully until it reaches about 43°C (110°F), the ideal temperature to dissolve sugar without cooking the eggs.

---

**Sources used:**  
- Source 1: ON_FOOD_AND_COOKING_The_Science_and_Lore_Part8.pdf | Page 24 | Chunk 3 | Safe gentle warming (water bath)  
- Source 5: the-professionne chef.pdf | Page 873 | Chunk 1 | Use of water bath and thermometer for controlled heating  
- Context knowledge on warm foaming egg-sugar techniques","Source 1: ON_FOOD_AND_COOKING_The_Science_and_Lore_Part8.pdf | Page 24 | Chunk 3 | Extraction: pypdf
Source 2: ON_FOOD_AND_COOKING_The_Science_and_Lore_Part8.pdf | Page 23 | Chunk 2 | Extraction: pypdf
Source 3: the-food-lab-better-home-cooking.pdf | Page 138 | Chunk 2 | Extraction: pypdf
Source 4: the-food-lab-better-home-cooking.pdf | Page 128 | Chunk 0 | Extraction: pypdf
Source 5: the-professionne chef.pdf | Page 873 | Chunk 1 | Extraction: pypdf"
