timestamp,product_type,flavor_direction,texture_goal,constraints,brand_mood,batch_size,generated_concept,sources
2026-05-10 22:35,Croissant,plain,crispy shell airy interior ,,street style,6 pieces,"1. Concept Name  
**""Urban Flash Croissant""**

2. Concept Summary  
A plain croissant engineered for ultra-crisp, shatteringly thin blistered shell with a laser-aerated, nearly cloud-like interior crumb. This croissant adopts an intensified preferment strategy combined with a precision temperature-controlled lamination and baking protocol to achieve maximum textural contrast while maintaining a minimal ingredient list aligned with street-style authenticity.

3. Why It Fits The Proof Lab  
The concept embodies experimental process tweaks with scientific precision—leveraging prefermented dough chemistry and dynamic temperature profiles for textural elevation without added flavors or inclusions. Its gritty, blistered crust nods to artisan street baking traditions, matching Proof Lab’s ethos of premium craft meets bold, urban edge. The simplicity of flavor draws R&D focus sharply on texture innovation and scientific control—hallmarks of Proof Lab's distinctive bakery R&D direction.

4. Flavor Architecture  
- Basic wheaty, buttery base enhanced by natural fermentation acidity from a prefermented sponge (40% prefermented dough base).  
- Lactose and malt-derived subtle sweet backbone to round the sharper acid notes.  
- Salt and yeast balance the profile without overt sweetness, spotlighting raw buttery richness.

5. Texture Architecture  
- Outer crust: ultra-thin, maximally blistered, crackling shell achieved through controlled dough hydration (38%), high roll-in butter layer (25%), and flash baking at high initial oven temperature (240°C target with steam burst).  
- Internal crumb: highly open, airy mesh structure enabled by prefermented dough’s gluten strength and reduced sugar to avoid dense crumb; saccharide profiles tuned to moderate Maillard without overbrowning the shell.  
- Three “single fold” lamination technique ensures distinct layered flakiness with pronounced lamella separation.

6. Draft Test Formula (per 6 croissants)  
- Bread flour 150g (100%)  
- Water 57g (38%)  
- Milk 34g (23%) (scalded and cooled to 27°C)  
- Sugar 18g (12%)  
- Salt 3g (2%)  
- Osmotolerant instant yeast 1.8g (1.2%)  
- Malt powder 0.45g (0.3%)  
- Prefermented sponge (40% prefermented dough of same flour/water/yeast ratios, developed 12hr fermentation) 60g  
- Butter for dough 10g (6.6%) unlaminated  
- Butter for lamination 37.5g (25%) chilled, 14-layer folding (3 single folds, resting between)  
- Total dough weight ~376g approx.

7. Suggested Components  
- Prefermented sponge cultured at 18°C for 12 hours to build organic acids for flavor and gluten strength.  
- Use European style unsalted butter, ideally 82% fat with tight melting profile for clean lamination.  
- Bread flour with middle-high protein (~12.5%) for structure, balanced with medium to low ash content to prevent toughness.  
- Oven with precise humidity and heat blasts to produce blistered crust.

8. Technical Risks  
- Over-fermentation risk from 12hr preferment can create excessive dough extensibility loss if temperature control lapses, impeding lamination layers.  
- Insufficient lamination temperature control may lead to butter leakage or merging of fat layers, decreasing flakiness.  
- The ultra-thin crust can become too fragile during transfer and proofing phases causing surface damage.

9. Stability Concerns  
- Crust crispness may degrade rapidly as moisture equilibrates postbake—requiring either rapid sale/use or modified storage protocols (e.g., humidity-controlled packaging).  
- Preferment variability batch-to-batch impacting acid level and gluten strength requires tight process control.  
- Dough refrigeration time and lamination resting windows critical for reproducibility.

10. First Test Plan  
- Perform 6-piece test batch following formula and schedule: prepare prefermented sponge 12hr prior at 18°C.  
- Mix final dough at 27°C DDT; primary ferment at 30-35min, cooldown fold and lamination with strict temp control (<18°C).  
- Proof in humidity controlled chamber at 24°C, 85% RH until dough nearly doubles (~60-70min).  
- Bake with steam injection first 3 min at 240°C then drop to 210°C to finish bake.  
- Evaluate immediately postbake and after 2 hr ambient rest.

11. Variables To Monitor  
- Preferment pH and dough extensibility pre-lamination (target pH ~4.5-4.8).  
- Dough temperature pre and post lamination (crucial <18°C to avoid butter bleed).  
- Dough and air temperature and humidity during proof.  
- Oven temperature profile and steam injection timing/volume.  
- Postbake crust thickness and blister density (microscopic examination if possible).

12. Suggested Next Iteration  
- If crumb too dense: reduce sugar by 1-2% and increase preferment hydration to improve extensibility.  
- If crust insufficiently blistered or too thick: increase initial steam injection volume or bake temp by 5-10°C for first 3-5 minutes.  
- Implement slight acid addition (0.1% lactic acid) to sponge if acidity under target for crust blistering.  
- Test double-fold lamination variant to assess flakiness impact.

13. Confidence Scoring  
- Flavor potential: 7/10  
  *Straightforward flavor profile post-fermentation is clean but limited; success hinges on subtle acid tuning.*  
- Texture feasibility: 8/10  
  *Highly feasible given lamination and process controls but requires tight temp discipline.*  
- Technical difficulty: 7/10  
  *Moderately challenging around preferment control and lamination temperature management.*  
- Delivery stability: 6/10  
  *Crisp shell texture vulnerable to rapid moisture equilibration; requires optimized postbake handling.*  
- Repeatability: 7/10  
  *Needs robust process protocols for lamination temp and preferment quality but manageable in standard bakery setting.*  
- Brand fit: 9/10  
  *Aligns strongly with Proof Lab’s urban premium experimental ethos focusing on textural and process innovation.*  
- Overall R&D confidence: 7/10  
  *Good experimental base with achievable process targets; outcome quality heavily dependent on process adherence but worth the investment.*

---

This concept maximizes textural contrast and process control scientific finesse to produce a pure croissant that is at once raw, bold, and urban—perfect for The Proof Lab’s street-style premium bakery line.","Source 1: advanced-bread-and-pastry_Part4.pdf | Page N/A | Chunk N/A | Extraction: unknown
Source 2: advanced-bread-and-pastry_Part4.pdf | Page N/A | Chunk N/A | Extraction: unknown
Source 3: advanced-bread-and-pastry_Part4.pdf | Page N/A | Chunk N/A | Extraction: unknown
Source 4: advanced-bread-and-pastry_Part4.pdf | Page N/A | Chunk N/A | Extraction: unknown
Source 5: advanced-bread-and-pastry_Part4.pdf | Page N/A | Chunk N/A | Extraction: unknown"
2026-05-10 22:40,Croissant,plain croissant with nutty notes ,crispy shell airy interior ,,street style,6 pieces,"1. Concept Name  
**Nutty Street Noir Croissant**

2. Concept Summary  
A high-contrast croissant that blends classic plain buttery flakiness with a bold nutty flavor note reminiscent of premium brown buttered nuts. The dough incorporates a lightly roasted nut flour lamination layer and a nut oil-enriched final butter fold to create deeply toasted nut aromas. The croissant delivers an elevated street-style experience by combining a highly blistered and crisp shell with an airy, feather-light interior that is nearly wafer-thin layered, resulting in a tactile sensory surprise.

3. Why It Fits The Proof Lab  
This concept embodies The Proof Lab’s ethos by innovating within a classic bakery product (croissant) but with a technical twist: incorporating layers of nut complexity without overwhelming sweetness or richness. It requires precision layering and dough chemistry to maintain lamination integrity despite added nut particles/oils and creating a superior flavor-contrast profile. It is streetwise yet premium, technically intentional, and designed for memorable sensory interaction.

4. Flavor Architecture  
- **Base:** Slightly tangy prefermented croissant dough (to add depth and complexity via mild acidity and natural sweetness).  
- **Primary Accent:** Lightly roasted hazelnut and almond flour dusted and folded into the butter lamination, providing toasted nut aroma and flavor notes concentrated at the layered lamination level.  
- **Secondary Accent:** Incorporate a fraction (around 15%) of cold-pressed walnut oil into the final butter block for lamination to introduce subtle fatty depth and lingering nutty finish without greasiness.  
- **Overall:** Balanced nutty bitterness meets classic rich buttery croissant with hints of acid from preferment, creating multi-dimensional flavor unfolding bite after bite.

5. Texture Architecture  
- **Shell:** Target blistered, ultra-crisp crust with a delicate crackle reminiscent of street-style from high-heat, dry baking. Achieved by slightly higher baking temps combined with well-aged dough and sugar caramelization at the surface.  
- **Interior:** Exceptionally airy, feather-light crumb with 16-20 distinct lamination layers, with the nut flour integration kept very fine for non-intrusive texture.   
- **Contrast:** The fine nut flour creates micro textural variation but no significant coarseness; walnut oil adds silkiness in mouthfeel.  
- **Aftertaste:** Slight dry nuttiness with minimal oily residue to maintain clean finish.

6. Draft Test Formula  
- Prefermented Dough (41% total flour basis): 100% bread flour, 38% water, 10% milk powder (differentiates from milk liquid to add to crispness), 1.2% yeast, 2% sugar, 2% salt  
- Final Dough: Prefermented dough 41%, additional bread flour 59% to 100% final dough  
- Butter: 25% roll-in butter mass, with 15% walnut oil incorporated into butter block  
- Nut Flour Lamination: Toasted, sieved hazelnut and almond flour blend (50:50) lightly dusted during lamination, around 2-3% of total flour weight layered thinly  
- Sugar added to the dough bumped to 13% from prior formulas to enhance caramelization and crust blistering  

7. Suggested Components  
- High-strength bread flour for extensibility and layering support  
- Stone-ground nut flours sieved to ultra-fine to avoid tearing gluten sheets  
- Cold-pressed walnut oil (fragrant, no off-flavors)  
- European-style butter with 82% fat for lamination  
- Liquid prefermentation with controlled acidity (pH ~5.2)  
- Optional malt extract to boost Maillard crust color

8. Technical Risks  
- Potential loss of lamination integrity due to nut flour particulates causing tear/holes in dough  
- Walnut oil incorporation into butter block may affect plasticity, altering roll-in behavior  
- Increased sugar may risk over-browning or burn spots if baking profile not adjusted carefully  
- Nut flour distribution may be uneven without precise layering technique

9. Stability Concerns  
- Shelf life could be impacted by walnut oil oxidation; stabilization or antioxidant addition to butter block might be necessary  
- Nut flour inclusion may absorb moisture differently altering crust moisture equilibrium after baking  
- Blistered crust finish may degrade if stored improperly (humidity-sensitive)

10. First Test Plan  
- Small batch of 6 croissants with standard preferment  
- Prepare butter block with 15% walnut oil mixed for homogeneity  
- Laminate with three single folds, dust nut flour lightly between butter folds  
- Bake at 210°C (410°F) convection-steam oven, monitor for crust blistering and caramelization  
- Evaluate lamination integrity, shell crispness, crumb airiness, and nut flavor balance  
- Sensory panel feedback on nut aroma intensity vs. buttery base  

11. Variables To Monitor  
- Dough extensibility during lamination (to detect tearing)  
- Distribution uniformity of nut flour in lamination layers  
- Butter plasticity and roll-in behavior with walnut oil addition  
- Crust blister count and caramel color uniformity  
- Crumb lamination layer count and thickness  
- Moisture content in final baked croissant  
- Oxidative stability of walnut oil in butter  

12. Suggested Next Iteration  
- Based on panel feedback, tweak nut flour % and particle size (if gritty or lamination compromised)  
- Trial a butter block antioxidant (tocopherol) to extend shelf life  
- Experiment with a two-stage oven bake to optimize crust blister and caramelization without burning sugar  
- Vary preferment time for acidity tuning and flavor complexity adjustment  
- Consider partial substitution of bread flour with high-gluten, low-protein flour to adjust dough extensibility and crispness balance  

13. Confidence Scoring  
- Flavor potential: 8.5/10  
Nutty notes from multi level flavor layering (flour dust, walnut oil) combined with preferment acidity create a strong, unique flavor profile that is experimental and premium. Scored slightly less than perfect due to need for balancing bitter notes.  

- Texture feasibility: 7.5/10  
Integrating nut flour in lamination and oil in butter is challenging but achievable with careful particle size control and butter modification. Feasibility is good but requires precise technical control and monitoring.  

- Technical difficulty: 7/10  
Moderately high due to novel ingredient integration in lamination butter system and risk of lamination failure or inconsistent crumb structure. Controlled prefermentation and retarding also add process complexity.  

- Delivery stability: 6.5/10  
Risk of walnut oil oxidation and variable shelf crispness mean stability improvements will be needed post initial trials, but none insurmountable with proper packaging and antioxidant strategies.  

- Repeatability: 7/10  
Inter-batch variability could arise from nut flour particle size inconsistencies and butter block preparation precision, manageable with rigorous SOPs but a mid-level challenge.  

- Brand fit: 9/10  
The street-style edgy blistered crust and innovative flavor layering with nutty nuance fits strongly in The Proof Lab’s experimental and premium lineup, maintaining memorability without gimmick.  

- Overall R&D confidence: 7.5/10  
Good balance of innovation and technical feasibility, with clear variables to optimize. Likely to yield a standout differentiated croissant with precise process engineering and ingredient control.  

---

**Summary:**  
Nutty Street Noir Croissant pushes croissant boundaries by combining buttery lamination with nut flour dusting and walnut oil integration, creating a highly flavorful, blistered, and airy street-style croissant. The concept relies on advanced lamination science and ingredient compatibility for technical success but promises a unique, memorable bakery staple aligned with The Proof Lab’s brand identity.","Source 1: advanced-bread-and-pastry_Part4.pdf | Page N/A | Chunk N/A | Extraction: unknown
Source 2: advanced-bread-and-pastry_Part4.pdf | Page N/A | Chunk N/A | Extraction: unknown
Source 3: advanced-bread-and-pastry_Part4.pdf | Page N/A | Chunk N/A | Extraction: unknown
Source 4: advanced-bread-and-pastry_Part4.pdf | Page N/A | Chunk N/A | Extraction: unknown
Source 5: advanced-bread-and-pastry_Part4.pdf | Page N/A | Chunk N/A | Extraction: unknown"
2026-05-11 20:59,Croissant,"Signature Proof Lab croissant, deep fermentation, premium butter, non-generic classic croissant","open honeycomb, crisp shell, shreddable soft interior, strong oven spring"," micro-bakery repeatability, butter leakage prevention, scalable R&D test batch","messy lab meets precision, premium, experimental, process-driven",12 pieces,"1. **Concept Name**  
Proof Lab DeepHoney Croissant

2. **Concept Summary**  
An experimental, deeply fermented croissant leveraging a dual preferment strategy (poolish + prefermented dough) designed for a micro-bakery scale (12-piece test batch). The croissant features a signature Proof Lab profile with pronounced depth, balancing a crisp, blistered, honeycomb-open crust with a shreddable, tender crumb and minimized butter leakage. The flavor showcases layered complexity from controlled acidity and nutty fermentation notes, elevated by a premium cultured European-style butter and a novel honey-infused malt glaze finish to amplify mouthfeel and aroma.

3. **Why It Fits The Proof Lab**  
- Pushes traditional croissant boundaries with multi-preferment fermentation—embracing the Proof Lab ethos of experimental process-driven baking combined with precision control.  
- Aligns with premium, memorable bakery experience by creating a unique flavor-depth and layered texture architecture unique to Proof Lab.  
- Designed for operational feasibility in micro-bakery and replicable R&D testing with scalability in mind.  
- Reflects the ""messy lab meets precision"" brand mood through controlled fermentation variables and innovative ingredient synergy.

4. **Flavor Architecture**  
- Base sweetness from sugar + malt augment flavors, complemented by gentle acidity from fermented preferments (poolish + prefermented dough) providing mild tang and depth.  
- Nutty & toasted notes emerge from controlled enzymatic breakdown during preferments.  
- Umami-like butter richness from cultured European butter with organic complexity.  
- Subtle honey glaze boost on crust enhances aromatic volatiles and perceived sweetness balanced with malt bitterness to lead to an evolved croissant flavor profile—deep yet balanced, non-generic.  
- Salt is finely tuned to enhance sweetness and fermentation notes without overpowering delicate flavors.

5. **Texture Architecture**  
- Goal: Open honeycomb crumb with thin, crisp blistered shell.  
- Achieved by high gluten flour + controlled hydration (40-43%) and precise layering through 3 single folds with downstream cold bench rest to strengthen gluten network for extended oven spring without gas loss.  
- Butter lamination ratio at ~25% for rich layers without leakage, combined with cold butter manipulation (target block consistency) that maintains barrier integrity during baking.  
- A refined lamination temperature control system ensures butter plasticity remains intact minimizing seepage.  
- Controlled proof time for maximizing oven spring before final crisping bake.  
- Final honey malt glaze applied shortly after baking forms a thin caramelized top crust adding complexity and additional textural contrast.

6. **Draft Test Formula** (for 12 pieces, ~65g each):  
- Bread Flour (W280-320): 100% (320g)  
- Water: 41% (132g), adjusted per absorption  
- Whole Milk: 20% (64g)  
- Sugar: 12% (38g)  
- Salt: 2% (6g)  
- Osmotolerant Instant Yeast: 1.5% (5g)  
- Malt (powder): 0.3% (1g)  
- Prefermented Dough (65% hydration poolish + older prefermented dough mix): 35% (112g total weight)  
- Cultured European Butter for Dough: 6% (19g)  
- Butter for Lamination: 25% (80g)  
- Honey Malt Glaze: Apply post-bake (blend of malt syrup 3%, honey 4%, water balance)

7. **Suggested Components**  
- Poolish: Bread flour + water + small yeast + short 12hr fermentation at 20°C  
- Prefermented Dough: Older prefermented dough from Proof Lab lower hydration sourdough base fermented 24-36 hrs for acidity + protease activity  
- Cultured European Butter ~84% fat, room temp ~14-16°C for lamination elasticity  
- Malt powder and malt syrup chosen to impart desired enzymatic and flavor effects without brittleness  
- High protein flour selected for extensibility and strength balance  

8. **Technical Risks**  
- Butter leakage at scale if temperatures/lamination control not precise  
- Overproofing or underproofing leading to crumb collapse or tight crumb  
- Maintaining reproducible preferment acid levels; fluctuation may affect dough rheology  
- Honey malt glaze may caramelize too dark or interfere with crust crispness if misapplied

9. **Stability Concerns**  
- Butter layer integrity may degrade if lamination temperature or dough resting is off  
- Preferments acidity variability affects dough extensibility and oven spring consistency  
- Honey malt glaze stability—potential crystallization or moisture migration over time if stored improperly  
- Batch-to-batch flour variability affecting dough performance

10. **First Test Plan**  
- Prepare poolish and prefermented dough separately; control temperature and timing strictly  
- Mix final dough at target DDT 24-26°C; full gluten development via improved mixing (50-60 sec slow speed + 5-8 min moderate speed)  
- Lamination with chilled butter (14°C) using 3 single folds under precise temp control (4-6°C environment)  
- Bulk retard gelled dough 12 hr @ 4°C; final proof at ambient 24°C monitored carefully for ideal 80-90% volume increase  
- Bake in deck oven at 210°C with steam first 6-7 mins; apply honey malt glaze immediately after bake, hot out of oven  
- Evaluate texture by crumb cell structure (bread crumb visualization), crust crispness with penetrometer, sensory tasting for flavor balance

11. **Variables To Monitor**  
- Preferment acidity (pH & TTA) before mixing  
- Dough temperature during mixing and resting  
- Dough extensibility and elasticity (windowpane test, extensograph if possible)  
- Proof volume increase and time to peak proof  
- Butter temperature and plasticity at lamination  
- Oven spring height % increase at 5/10/15 minutes  
- Crust color (measured by colorimeter or by standard scale) and glaze caramelization  
- Butter leakage visually and by weight difference post-bake  
- Sensory flavor evaluation (bitterness, acidity, umami, sweetness balance)  

12. **Suggested Next Iteration**  
- Explore enzymatic malt addition level adjustments for enhanced sweetness without compromising crust texture  
- Fine-tune preferment ratios for optimum flavor-depth and dough rheology balance  
- Test a 4th lamination fold with a slightly lighter butter block to improve layer definition without leakage  
- Trial alternative cultured butters with different fat/globule size for texture refinement  
- Investigate high humidity final proof to enhance color and oven spring further without sogginess

13. **Confidence Scoring**  
- Flavor potential: 9/10 — Dual preferments + malt + cultured butter + honey malt glaze create layered, memorable flavor with strong novelty and depth  
- Texture feasibility: 8/10 — Proven dough + butter lamination method adapted for micro-bakery scale, with risk from lamination temperature control but manageable  
- Technical difficulty: 7/10 — Multi-preferment and strict temp controls require precision but fits skilled Proof Lab environment  
- Delivery stability: 7/10 — Butter leakage and preferment variability are potential issues but controllable with SOPs and stable ingredient sourcing  
- Repeatability: 8/10 — Clear variables and small batch size enables tight process control for consistent output  
- Brand fit: 10/10 — Highly experimental, process-driven, premium, memorable croissant marrying messy lab trial and precision science perfectly aligned with Proof Lab identity  
- Overall R&D confidence: 8/10 — Strong theoretical base and precedent from literature combined with Proof Lab expertise make this a robust lead concept worthy of immediate pilot run and iterative improvement

---

**Summary:**  
Proof Lab DeepHoney Croissant brings a premium, scientific approach to croissant innovation through layered prefermentation, carefully engineered lamination, and a novel honey malt glaze. It balances exploratory flavor science with operational repeatability, yielding a memorable croissant that charts new territory without sacrificing bakery practicality. Focused experimentation on fermentation balance, lamination temperature, and post-bake finishing will unlock its full potential.","Source 1: advanced-bread-and-pastry_Part4.pdf | Page N/A | Chunk N/A | Extraction: unknown
Source 2: advanced-bread-and-pastry_Part4.pdf | Page N/A | Chunk N/A | Extraction: unknown
Source 3: advanced-bread-and-pastry_Part4.pdf | Page N/A | Chunk N/A | Extraction: unknown
Source 4: advanced-bread-and-pastry_Part4.pdf | Page N/A | Chunk N/A | Extraction: unknown
Source 5: advanced-bread-and-pastry_Part4.pdf | Page N/A | Chunk N/A | Extraction: unknown"
